Дом 75 м? на участке 5 сот.;2160000р.;12 минут назад;https://www.avito.ru//kazan/doma_dachi_kottedzhi/dom_75_m_na_uchastke_5_sot._1951713144
Коттедж 500 м? на участке 5 сот.;5000р.;Несколько секунд назад;https://www.avito.ru//kazan/doma_dachi_kottedzhi/kottedzh_500_m_na_uchastke_5_sot._1993516723
Дом 239 м? на участке 8 сот.;19000000р.;18 часов назад;https://www.avito.ru//kazan/doma_dachi_kottedzhi/dom_239_m_na_uchastke_8_sot._1812850416
Дом 260,2 м? на участке 12,5 сот.;21500000р.;2 дня назад;https://www.avito.ru//kazan/doma_dachi_kottedzhi/dom_2602_m_na_uchastke_125_sot._1812471166
Дом 115 м? на участке 7 сот.;4300000р.;22 часа назад;https://www.avito.ru//kazan/doma_dachi_kottedzhi/dom_115_m_na_uchastke_7_sot._2055238098
Дом 144 м? на участке 5 сот.;9290000р.;3 дня назад;https://www.avito.ru//kazan/doma_dachi_kottedzhi/dom_144_m_na_uchastke_5_sot._2096566509
Коттедж 275 м? на участке 10 сот.;6800000р.;22 часа назад;https://www.avito.ru//kazan/doma_dachi_kottedzhi/kottedzh_275_m_na_uchastke_10_sot._2051001934
Дом 100 м? на участке 6 сот.;40000р.;22 часа назад;https://www.avito.ru//kazan/doma_dachi_kottedzhi/dom_100_m_na_uchastke_6_sot._2070353875
Дом 239 м? на участке 8 сот.;19000000р.;18 часов назад;https://www.avito.ru//kazan/doma_dachi_kottedzhi/dom_239_m_na_uchastke_8_sot._1812850416
Коттедж 275 м? на участке 10 сот.;6800000р.;22 часа назад;https://www.avito.ru//kazan/doma_dachi_kottedzhi/kottedzh_275_m_na_uchastke_10_sot._2051001934
Дом 100 м? на участке 6 сот.;40000р.;22 часа назад;https://www.avito.ru//kazan/doma_dachi_kottedzhi/dom_100_m_na_uchastke_6_sot._2070353875
Дом 155,9 м? на участке 4 сот.;12000000р.;2 дня назад;https://www.avito.ru//kazan/doma_dachi_kottedzhi/dom_1559_m_na_uchastke_4_sot._1812442060
Дом 120 м? на участке 5,5 сот.;5400000р.;3 дня назад;https://www.avito.ru//kazan/doma_dachi_kottedzhi/dom_120_m_na_uchastke_55_sot._845684184
Дом 144 м? на участке 5 сот.;9290000р.;3 дня назад;https://www.avito.ru//kazan/doma_dachi_kottedzhi/dom_144_m_na_uchastke_5_sot._2096566509
Дом 150 м? на участке 7 сот.;6590000р.;1 день назад;https://www.avito.ru//kazan/doma_dachi_kottedzhi/dom_150_m_na_uchastke_7_sot._2060558718
Дом 254,8 м? на участке 8 сот.;20700000р.;2 дня назад;https://www.avito.ru//kazan/doma_dachi_kottedzhi/dom_2548_m_na_uchastke_8_sot._1812797298
Таунхаус 115 м? на участке 2,5 сот.;3700000р.;16 минут назад;https://www.avito.ru//kazan/doma_dachi_kottedzhi/taunhaus_115_m_na_uchastke_25_sot._2051537102
Коттедж 130 м? на участке 6 сот.;3850000р.;3 дня назад;https://www.avito.ru//kazan/doma_dachi_kottedzhi/kottedzh_130_m_na_uchastke_6_sot._2006173338
Дом 134 м? на участке 3 сот.;5100000р.;3 часа назад;https://www.avito.ru//kazan/doma_dachi_kottedzhi/dom_134_m_na_uchastke_3_sot._2082621904
Дом 85 м? на участке 4 сот.;3088000р.;2 часа назад;https://www.avito.ru//kazan/doma_dachi_kottedzhi/dom_85_m_na_uchastke_4_sot._2083869470
Дом 75 м? на участке 5 сот.;2500р.;43 минуты назад;https://www.avito.ru//kazan/doma_dachi_kottedzhi/dom_75_m_na_uchastke_5_sot._1994155726
Коттедж 160 м? на участке 10 сот.;4999р.;4 дня назад;https://www.avito.ru//kazan/doma_dachi_kottedzhi/kottedzh_160_m_na_uchastke_10_sot._701748977
Дом 150 м? на участке 5 сот.;7799000р.;4 минуты назад;https://www.avito.ru//kazan/doma_dachi_kottedzhi/dom_150_m_na_uchastke_5_sot._2012590085
Дом 163 м? на участке 5 сот.;45000р.;22 часа назад;https://www.avito.ru//kazan/doma_dachi_kottedzhi/dom_163_m_na_uchastke_5_sot._2070268493
Коттедж 112 м? на участке 7 сот.;7399000р.;2 дня назад;https://www.avito.ru//kazan/doma_dachi_kottedzhi/kottedzh_112_m_na_uchastke_7_sot._2029781976
Дом 150 м? на участке 5 сот.;5000р.;4 часа назад;https://www.avito.ru//kazan/doma_dachi_kottedzhi/dom_150_m_na_uchastke_5_sot._947425440
Дом 96 м? на участке 7 сот.;4600000р.;2 часа назад;https://www.avito.ru//kazan/doma_dachi_kottedzhi/dom_96_m_na_uchastke_7_sot._2105530359
Дом 98 м? на участке 4 сот.;1896900р.;16 часов назад;https://www.avito.ru//kazan/doma_dachi_kottedzhi/dom_98_m_na_uchastke_4_sot._1272624748
Дом 130 м? на участке 4,5 сот.;6290000р.;3 дня назад;https://www.avito.ru//kazan/doma_dachi_kottedzhi/dom_130_m_na_uchastke_45_sot._2103475424
Дом 110 м? на участке 8 сот.;3990000р.;17 часов назад;https://www.avito.ru//kazan/doma_dachi_kottedzhi/dom_110_m_na_uchastke_8_sot._2063345435
Коттедж 300 м? на участке 5 сот.;29900000р.;3 дня назад;https://www.avito.ru//kazan/doma_dachi_kottedzhi/kottedzh_300_m_na_uchastke_5_sot._1933298171
Дом 130 м? на участке 6,5 сот.;6950000р.;13 часов назад;https://www.avito.ru//kazan/doma_dachi_kottedzhi/dom_130_m_na_uchastke_65_sot._2105196750
Дом 150 м? на участке 3 сот.;3500р.;1 день назад;https://www.avito.ru//kazan/doma_dachi_kottedzhi/dom_150_m_na_uchastke_3_sot._894252590
Дом 120 м? на участке 5 сот.;2300000р.;1 день назад;https://www.avito.ru//kazan/doma_dachi_kottedzhi/dom_120_m_na_uchastke_5_sot._2020473413
Дом 80 м? на участке 6 сот.;3200000р.;1 день назад;https://www.avito.ru//kazan/doma_dachi_kottedzhi/dom_80_m_na_uchastke_6_sot._2122291230
Дом 97 м? на участке 7,6 сот.;7400000р.;16 минут назад;https://www.avito.ru//kazan/doma_dachi_kottedzhi/dom_97_m_na_uchastke_76_sot._2058437476
Дом 105 м? на участке 5 сот.;4599000р.;2 часа назад;https://www.avito.ru//kazan/doma_dachi_kottedzhi/dom_105_m_na_uchastke_5_sot._1955860157
Дом 120 м? на участке 6 сот.;4890000р.;19 часов назад;https://www.avito.ru//kazan/doma_dachi_kottedzhi/dom_120_m_na_uchastke_6_sot._2041230536
Дом 92 м? на участке 5 сот.;1800000р.;2 дня назад;https://www.avito.ru//kazan/doma_dachi_kottedzhi/dom_92_m_na_uchastke_5_sot._2028505643
Дом 95 м? на участке 4 сот.;5650000р.;1 час назад;https://www.avito.ru//kazan/doma_dachi_kottedzhi/dom_95_m_na_uchastke_4_sot._1902251044
Дом 100 м? на участке 4 сот.;2990р.;1 день назад;https://www.avito.ru//kazan/doma_dachi_kottedzhi/dom_100_m_na_uchastke_4_sot._2011689655
Дом 67,2 м? на участке 15 сот.;4300000р.;1 час назад;https://www.avito.ru//kazan/doma_dachi_kottedzhi/dom_672_m_na_uchastke_15_sot._2090093406
Дом 120 м? на участке 7 сот.;5350000р.;3 дня назад;https://www.avito.ru//kazan/doma_dachi_kottedzhi/dom_120_m_na_uchastke_7_sot._2079236389
Дом 80 м? на участке 5 сот.;2750000р.;6 часов назад;https://www.avito.ru//kazan/doma_dachi_kottedzhi/dom_80_m_na_uchastke_5_sot._738705222
Дом 130 м? на участке 4 сот.;6500000р.;19 часов назад;https://www.avito.ru//kazan/doma_dachi_kottedzhi/dom_130_m_na_uchastke_4_sot._2099190312
Дом 115 м? на участке 6 сот.;45000р.;2 часа назад;https://www.avito.ru//kazan/doma_dachi_kottedzhi/dom_115_m_na_uchastke_6_sot._2053285344
Дом 130 м? на участке 9,5 сот.;50000р.;40 минут назад;https://www.avito.ru//kazan/doma_dachi_kottedzhi/dom_130_m_na_uchastke_95_sot._2017013716
Дом 75 м? на участке 2 сот.;3500р.;2 дня назад;https://www.avito.ru//kazan/doma_dachi_kottedzhi/dom_75_m_na_uchastke_2_sot._1859462213
Дом 60 м? на участке 7 сот.;2490р.;1 день назад;https://www.avito.ru//kazan/doma_dachi_kottedzhi/dom_60_m_na_uchastke_7_sot._1947671886
Дом 138 м? на участке 7,5 сот.;3850000р.;1 день назад;https://www.avito.ru//kazan/doma_dachi_kottedzhi/dom_138_m_na_uchastke_75_sot._2079700154
Дом 135 м? на участке 4 сот.;6900000р.;2 дня назад;https://www.avito.ru//kazan/doma_dachi_kottedzhi/dom_135_m_na_uchastke_4_sot._1891020870
Дом 36 м? на участке 5 сот.;2990000р.;1 день назад;https://www.avito.ru//kazan/doma_dachi_kottedzhi/dom_36_m_na_uchastke_5_sot._2075649233
Дом из профилированного бруса 8*10;520000р.;46 минут назад;https://www.avito.ru//kazan/remont_i_stroitelstvo/dom_iz_profilirovannogo_brusa_810_2006470738
Коттедж 200 м? на участке 6 сот.;3000р.;17 часов назад;https://www.avito.ru//kazan/doma_dachi_kottedzhi/kottedzh_200_m_na_uchastke_6_sot._1568331652
Дом 216 м? на участке 20 сот.;28000000р.;1 час назад;https://www.avito.ru//kazan/doma_dachi_kottedzhi/dom_216_m_na_uchastke_20_sot._2075970851
Дом 85 м? на участке 7 сот.;3000р.;2 дня назад;https://www.avito.ru//kazan/doma_dachi_kottedzhi/dom_85_m_na_uchastke_7_sot._1863450546
